REPOSITORY,TAG,IMAGE ID,CREATED,SIZE
jruby,latest,ce533d5fd47a,3 weeks ago,301MB
drupal,latest,fad3ee952ffc,3 weeks ago,592MB
rakudo-star,latest,9f7218d898d2,3 weeks ago,510MB
php-zendserver,latest,c0e4ad3a33e2,5 months ago,1.03GB
busybox,latest,beae173ccac6,22 months ago,1.24MB
nginx,latest,605c77e624dd,22 months ago,141MB
ruby,latest,f36ec0de68cd,22 months ago,890MB
tomcat,latest,fb5657adc892,22 months ago,680MB
golang,latest,276895edf967,22 months ago,941MB
gcc,latest,709e60f7d3e3,22 months ago,1.23GB
php,latest,13b9b1961ba3,22 months ago,484MB
python,latest,a5d7930b60cc,22 months ago,917MB
perl,latest,f9596eddf06f,22 months ago,890MB
pypy,latest,f31c95ba13ef,22 months ago,967MB
mono,latest,0363bd6b4181,22 months ago,691MB
httpd,latest,dabbfbe0c57b,22 months ago,144MB
debian,latest,6f4986d78878,22 months ago,124MB
rabbitmq,latest,d445c0adc9a5,22 months ago,220MB
fedora,latest,b78af7a83692,23 months ago,153MB
alpine,latest,c059bfaa849c,23 months ago,5.59MB
ubuntu,latest,ba6acccedd29,2 years ago,72.8MB
thrift,latest,4a3c6506b093,2 years ago,124MB
centos,latest,5d0da3dc9764,2 years ago,231MB
mageia,latest,5d2f474d2628,2 years ago,313MB
cirros,latest,f9cae1daf5f6,2 years ago,12.6MB
crux,latest,4dbff4cf50d7,3 years ago,454MB
oraclelinux,latest,d788eca028a0,3 years ago,235MB
opensuse,latest,d9e50bf28896,4 years ago,111MB
iojs,latest,fdab38ea8e39,6 years ago,649MB
java,latest,d23bdf5b1b1b,6 years ago,643MB
rails,latest,660f41442a27,6 years ago,840MB
django,latest,eb40dcf64078,6 years ago,436MB
glassfish,latest,7d04a1452d00,7 years ago,773MB
ubuntu-upstart,latest,b28219773b9b,7 years ago,253MB
