.xxx ,
.tbi ,
.dat ,
.jp2 ,
.3gp ,
.3g2 ,
.mp4 ,
.mov ,
.mp4 ,
.mp4 ,
.mp4 ,
.mp4 ,
.3g2 ,
.3gpp ,
.m4a ,
.ico ,
.spl ,
.mpg ,
.vob ,
.mpg ,
.wb2 ,
.cur ,
.wk1 ,
.wk1 ,
.wk3 ,
.wk3 ,
.wk4 ,
.wk5 ,
.wk5 ,
.123 ,
.qxd ,
.qxd ,
.hlp ,
.hlp ,
.ttf ,
.ttf ,
.mny ,
.accdb ,
.mdb ,
.aba ,
.dba ,
.db ,
.fli ,
.snm ,
.ppt ,
.mdf ,
.wmf ,
.emf ,
.pic ,
.fdb ,
.gdb ,
.tbi ,
.mdf ,
.tr1 ,
.rgb ,
.drw ,
.lz4 ,
.dss ,
.qph ,
.adx ,
.db ,
.lz4 ,
.lz4 ,
.tlz4 ,
.tar.lz4 ,
.skf ,
.dtd ,
.xls ,
.pcx ,
.pcx ,
.pcx ,
.pcapng ,
.wallet ,
.ac3 ,
.jpf ,
.mp ,
.doc ,
.nri ,
.wks ,
.ppt ,
.cl5 ,
.pf ,
.flc ,
.flc ,
.sis ,
.ntf ,
.nsf ,
.arc ,
.arc ,
.arc ,
.arc ,
.arc ,
.pak ,
.eth ,
.webm ,
.dat ,
.ws ,
.dv ,
.gz ,
.tgz ,
.tar.z ,
.tar.z ,
.tgz ,
.dts ,
.ain ,
.udeb ,
.ar ,
.lib ,
.ost ,
.stm ,
.stm ,
.py ,
.py ,
.kdelnk ,
.vmdk ,
.vmdk ,
.kdelnk ,
.dsp ,
.sh ,
.fl ,
.gvp ,
.awk ,
.awk ,
.wsgi ,
.awk ,
.awk ,
.wsgi ,
.awk ,
.wsgi ,
.eml ,
.awk ,
.awk ,
.wsgi ,
.awk ,
.py ,
.awk ,
.wsgi ,
.awk ,
.wsgi ,
.amr ,
.amr ,
.awb ,
.awb ,
.amr ,
.amr ,
.sil ,
.sk1 ,
.raml ,
.gvp ,
.hdr ,
.m3u8 ,
.vlc ,
.mxu ,
.fig ,
.lyx ,
.pec ,
.pes ,
.wrl ,
.m ,
.zsav ,
.sav ,
.zsav ,
.bib ,
.epsf ,
.ps ,
.eps ,
.t2t ,
.t2t ,
.pdf ,
.fdf ,
.obj ,
.yml ,
.fbm ,
.spec ,
.t ,
.t ,
.nb ,
.sgf ,
.sgf ,
.hqx ,
.zst ,
.tzst ,
.tar.zst ,
.patch ,
.log ,
.patch ,
.ace ,
.as ,
.aw ,
.ag ,
.as ,
.patch ,
.asc ,
.gpg ,
.gpg ,
.gpg ,
.lzh ,
.lha ,
.lzh ,
.lzh ,
.lzh ,
.lzh ,
.lzh ,
.lzh ,
.lzh ,
.lzh ,
.lzh ,
.lzh ,
.lzh ,
.lzh ,
.ivr ,
.rmvb ,
.rm ,
.ra ,
.ra ,
.t ,
.ra ,
.au ,
.xpm ,
.msf ,
.not ,
.evt ,
.exr ,
.gedcom ,
.asf ,
.wmv ,
.asf ,
.wma ,
.wmv ,
.wma ,
.ntf ,
.cpio ,
.cpio ,
.cat ,
.wri ,
.pcs ,
.wri ,
.7z ,
.7z ,
.v64 ,
.psd ,
.psd ,
.aif ,
.sle ,
.el ,
.html ,
.rng ,
.html ,
.htm ,
.html ,
.html ,
.dci ,
.html ,
.htm ,
.docbook ,
.qtl ,
.rng ,
.xml ,
.svg ,
.svg ,
.xml ,
.msc ,
.html ,
.fm ,
.csd ,
.html ,
.fm ,
.fm ,
.fm ,
.fm ,
.mif ,
.fm ,
.fm ,
.fm ,
.ar ,
.html ,
.gpx ,
.html ,
.mrl ,
.svg ,
.b85 ,
.patch ,
.wb3 ,
.gid ,
.hlp ,
.v64 ,
.enl ,
.602 ,
.602 ,
.602 ,
.dwg ,
.sle ,
.aac ,
.aiffc ,
.aif ,
.alz ,
.syw ,
.abi ,
.aby ,
.bag ,
.idx ,
.ind ,
.pfc ,
.bag ,
.aby ,
.idx ,
.ind ,
.abi ,
.org ,
.pfc ,
.por ,
.wmx ,
.djv ,
.djv ,
.a78 ,
.divx ,
.dat ,
.avi ,
.arc ,
.ime ,
.vcf ,
.ics ,
.gcrd ,
.blend ,
.bin ,
.bli ,
.rbi ,
.bin ,
.bmp ,
.dib ,
.stm ,
.dib ,
.prc ,
.bpg ,
.bsdiff ,
.bsdiff ,
.tar.bz2 ,
.bzip2 ,
.tbz2 ,
.bz2 ,
.tb2 ,
.apuf ,
.wad ,
.obj ,
.mtl ,
.bli ,
.rtd ,
.manifest ,
.toc ,
.cbd ,
.ccmx ,
.iso ,
.iso ,
.iso ,
.iso ,
.cda ,
.cdr ,
.toc ,
.toc ,
.toc ,
.toc ,
.cso ,
.db ,
.clb ,
.clb ,
.ngp ,
.vmdk ,
.cpt ,
.cpt ,
.dat ,
.cru ,
.swf ,
.cin ,
.ctf ,
.dat ,
.patch ,
.voc ,
.voc ,
.spd ,
.dax ,
.db ,
.dds ,
.url ,
.dcm ,
.dms ,
.adf ,
.adf ,
.dst ,
.ifo ,
.dvr ,
.smd ,
.smd ,
.kdc ,
.AppImage ,
.cdr ,
.vcd ,
.mdi ,
.dat ,
.e01 ,
.ex01 ,
.evtx ,
.xi ,
.xm ,
.qbb ,
.cpe ,
.fbx ,
.fdb ,
.flv ,
.flv ,
.djv ,
.djv ,
.aiff ,
.aif ,
.x3f ,
.raf ,
.swf ,
.eml ,
.eml ,
.mbox ,
.eml ,
.gif ,
.gif ,
.gif ,
.pat ,
.gx2 ,
.g64 ,
.xpt ,
.sh3 ,
.hwp ,
.hfe ,
.tiff ,
.tif ,
.mp3 ,
.koz ,
.slk ,
.crw ,
.tiff ,
.tif ,
.orf ,
.orf ,
.raw ,
.rw2 ,
.raw ,
.rw2 ,
.crw ,
.tiff ,
.lbm ,
.db ,
.it ,
.cab ,
.hdr ,
.it87 ,
.lit ,
.chi ,
.chm ,
.wad ,
.patch ,
.dat ,
.ipd ,
.url ,
.wad ,
.jar ,
.jg ,
.jg ,
.med ,
.vmdk ,
.vmdk ,
.kgb ,
.shd ,
.lnk ,
.obj ,
.dst ,
.gid ,
.hlp ,
.lrz ,
.e01 ,
.lz ,
.pdb ,
.ape ,
.mar ,
.mar ,
.med ,
.mar ,
.mte ,
.hdmp ,
.dmp ,
.jad ,
.mls ,
.mls ,
.tiff ,
.tif ,
.tiff ,
.tif ,
.med ,
.med ,
.smaf ,
.mmf ,
.tiff ,
.mo3 ,
.movie ,
.mp+ ,
.nvram ,
.ms3d ,
.cab ,
.ppz ,
.snp ,
.cab ,
.tlb ,
.wim ,
.swm ,
.cdr ,
.dvf ,
.msv ,
.med ,
.midi ,
.mid ,
.dsn ,
.mls ,
.mls ,
.exe ,
.ocx ,
.scr ,
.acm ,
.olb ,
.fon ,
.vxd ,
.386 ,
.cpl ,
.com ,
.dll ,
.drv ,
.pif ,
.qts ,
.qtx ,
.sys ,
.vbx ,
.ax ,
.sys ,
.exe ,
.dll ,
.drv ,
.sys ,
.flt ,
.api ,
.ax ,
.zap ,
.mtl ,
.obj ,
.ma ,
.pdb ,
.xld ,
.sln ,
.wpl ,
.doc ,
.gdb ,
.eml ,
.dat ,
.jnt ,
.jtp ,
.nsf ,
.ntf ,
.nsv ,
.cod ,
.attachment ,
.dbf ,
.otf ,
.opus ,
.opus ,
.anx ,
.axv ,
.axa ,
.ogx ,
.ogg ,
.ogg ,
.ogg ,
.ogg ,
.ogg ,
.ogm ,
.oga ,
.ogg ,
.ogv ,
.ogx ,
.ogg ,
.oleo ,
.patch ,
.patch ,
.dw4 ,
.idx ,
.pbm ,
.pgm ,
.ppm ,
.pbm ,
.pgm ,
.pgm ,
.ppm ,
.pak ,
.dmp ,
.par2 ,
.pax ,
.lbm ,
.dat ,
.pgd ,
.img ,
.docx ,
.pptx ,
.xlsx ,
.xlsb ,
.xltm ,
.xltx ,
.xlam ,
.docm ,
.dotx ,
.dotm ,
.pptm ,
.potx ,
.potm ,
.xlsm ,
.zip ,
.xpi ,
.wmz ,
.xpt ,
.kwd ,
.xps ,
.jar ,
.odt ,
.odp ,
.ott ,
.sxd ,
.sxi ,
.sxw ,
.epub ,
.zip ,
.zip ,
xlsx ,
.jar ,
.jar ,
.zip ,
.zip ,
.zip ,
.zip ,
.fb2.zip ,
.karbon ,
.epub ,
.chrt ,
.sxc ,
.stc ,
.sxd ,
.std ,
.sxi ,
.sti ,
.sxm ,
.sxw ,
.sxg ,
.stw ,
.odt ,
.ott ,
.oth ,
.odm ,
.odg ,
.otg ,
.odp ,
.otp ,
.ods ,
.ots ,
.odc ,
.otc ,
.odf ,
.otf ,
.odb ,
.odi ,
.kfo ,
.flw ,
.kon ,
.kpt ,
.kra ,
.ksp ,
.kwt ,
.zip ,
.ora ,
.key ,
.grp ,
.pmoccmoc ,
.dat ,
.doc ,
.psf ,
.psid ,
.puf ,
.wad ,
.eml ,
.qel ,
.qemu ,
.qcp ,
.abd ,
.qsd ,
.qti.gz ,
.dat ,
.reg ,
.sud ,
.ad ,
.4xm ,
.cdr ,
.avi ,
.cda ,
.qcp ,
.rmi ,
.wav ,
.ds4 ,
.ani ,
.dat ,
.cmx ,
.rmi ,
.qtl ,
.cap ,
.rar ,
.rar ,
.rar ,
.eml ,
.eml ,
.eml ,
.eml ,
.eml ,
.iges ,
.iges ,
.pf ,
.ast ,
.img ,
.s3m ,
.mdx ,
.smd ,
.smd ,
.shw ,
.cpi ,
.fits ,
.fits ,
.sit ,
.sit ,
.sdr ,
.qtl ,
.spf ,
.spvb ,
.cnv ,
.db ,
.bdf ,
.sap ,
.spx ,
.sgl ,
.sit ,
.eml ,
.spec ,
.cal ,
.pdc ,
.pdc ,
.thp ,
.tta ,
.info ,
.uce ,
.ufa ,
.dat ,
.pch ,
.ctl ,
.wrl ,
.mif ,
.wav ,
.wav ,
.wav ,
.iso ,
.webp ,
.vtt ,
.iso ,
.dat ,
.wpp ,
.ws2 ,
.zip ,
.reg ,
.reg ,
.lwp ,
.eml ,
.x3d ,
.c4d ,
.cap ,
.xmf ,
.xpt ,
.dpx ,
.bdr ,
.sun ,
.zoo ,
.swf ,
.nsc ,
.kdelnk ,
.pgn ,
.ecf ,
.sub ,
.kdelnk ,
.vcw ,
.pls ,
.dun ,
.pls ,
.asf ,
.sam ,
.vmd ,
.cpx ,
.cfg ,
.pcf ,
.pls ,
.sam ,
.ttc ,
.pcf.gz ,
.epsf ,
.ps ,
.el ,
.h5 ,
.karbon ,
.chrt ,
.kfo ,
.kil ,
.flw ,
.kon ,
.kpt ,
.kra ,
.ksp ,
.kwt ,
.gz ,
.Z ,
.ico ,
.cur ,
.vst ,
.xmf ,
.so ,
.o ,
.so ,
.gnd ,
.h5 ,
.mo ,
.doc ,
.mo ,
.doc ,
.jpe ,
.t ,
.mrw ,
.wks ,
.mdb ,
.doc ,
.psf ,
.mdi ,
.png ,
.lzo ,
.mng ,
.jpf ,
.cgb ,
.sgb ,
.rpm ,
.xz ,
.reg ,
.iso ,
.hus ,
.jar ,
.cas ,
.cbk ,
.arj ,
.icm ,
.shn ,
.uue ,
.b64 ,
.ics ,
.gcrd ,
.doc ,
.plist ,
.caf ,
.vhd ,
.csh ,
.p10 ,
.torrent ,
.dex ,
.dex ,
.patch ,
.patch ,
.dot ,
.ldif ,
.ldif ,
.au ,
.latex ,
.dsw ,
.wsgi ,
.wsgi ,
.wsgi ,
.shd ,
.flac ,
.flac ,
.xdgapp ,
.mov ,
.3gpp2 ,
.3ga ,
.3ga ,
.3ga ,
.mp4 ,
.3ga ,
.f4a ,
.m4a ,
.f4b ,
.mp4 ,
.mp4 ,
.avif ,
.avif ,
.mp4 ,
.heif ,
.heic ,
.heic ,
.heic ,
.heic ,
.heic ,
.heic ,
.heic ,
.mp4 ,
.mp4 ,
.qtvr ,
.mov ,
.m ,
.shd ,
.xcf ,
.xcf ,
.xcf ,
.xcf ,
.dot ,
.shd ,
.sqsh ,
.wad ,
.icns ,
.qif ,
.med ,
.py ,
.pla ,
.mp4 ,
.doc ,
.jpf ,
.dbb ,
.mkv ,
.mka ,
.mkv ,
.mov ,
.mov ,
.info ,
.emp ,
.ply ,
.mov ,
.odp ,
.qp ,
.mo ,
.dat ,
.ac ,
.ram ,
.qtl ,
.sdb ,
.mov ,
.dat ,
.dat ,
.pdb ,
.ods ,
.sqsh ,
.cal ,
.dot ,
.dot ,
.pdb ,
.prc ,
.odt ,
.tar ,
.gem ,
.gem ,
.exr ,
.flt ,
.sdp ,
.woff2 ,
.woff ,
.mov ,
.wvp ,
.wvc ,
.dmg ,
.pkg ,
.xdgapp ,
.xml ,
.xsi ,
.sisx ,
.info ,
.lgc ,
.lgd ,
.sub ,
.sub ,
.psw ,
.rtf ,
.pwi ,
.rtf ,
.csd ,
.psp ,
.img ,
.dts ,
.adx ,
.dts ,
.cin ,
.v64 ,
.wab ,
.wpf ,
.png ,
.aw ,
.hap ,
.skr ,
.skr ,
.jb2 ,
.gpg ,
.pkr ,
.pyo ,
.wab ,
.ppt ,
.dat ,
.qdf ,
.pdb ,
.pwl ,
.dcx ,
.tib ,
.cal ,
.wri ,
.dat ,
.iso ,
.acs ,
.eps ,
.lbk ,
.class ,
.pack ,
.jceks ,
.doc ,
.dbx ,
.doc ,
.spo ,
.opt ,
.rvt ,
.vsd ,
.msi ,
.pub ,
.mtw ,
.ac_ ,
.dot ,
.pps ,
.ppt ,
.xla ,
.xls ,
.wiz ,
.sou ,
.wps ,
.apr ,
.msc ,
.adp ,
.db ,
.ftr ,
.arl ,
.aut ,
.wmf ,
.doc ,
.zoo ,
.cpl ,
.efx ,
.info ,
.pwl ,
.one ,
.dts ,
.img ,
.doc ,
.rpm ,
.dvi ,
.dat ,
.xz ,
.ppt ,
.db ,
.pub ,
.suo ,
.ppt ,
.xls ,
.ppt ,
.xls ,
.opt ,
.xls ,
.xls ,
.xls ,
.xls ,
.ppt ,
.gho ,
.ghs ,
.wks ,
.qrp ,
.cpi ,
.sys ,
.wpd ,
.wpg ,
.wpp ,
.wp5 ,
.wp6 ,
.wp ,
.jpe ,
.jfif ,
.jpeg ,
.jpe ,
.jpg ,
.aac ,
.aac ,
.aac ,
.aac ,
.mpga ,
.ini ,
.mof ,
.mof ,
.sys ,
88
.mpeg ,
.tga ,
.txt ,
.log ,
.yaml ,
.yml ,
.toml ,
.py ,
.pyc ,
.pyd ,
.python_history ,
.bat ,
.gitconfig ,
.rdp ,
.ini ,
.epub ,
.key ,
.pem ,
.ps1 ,
.ipynb ,
.crt ,
.reg ,
.md ,
.json ,
.rst ,
.cfg ,
.flake8 ,
.coveragerc ,
.c ,
.cc ,
.h ,
.stl ,
.srt ,
.obj ,
.asx ,
.com ,
.sys ,
.db4 ,
.sys ,
.db3 ,
.dat ,
.drw ,
.gpg ,
.cat ,
.xdr ,
.dmg ,
.db ,
.bsb ,
.js ,
.jsx ,
.ts ,
.tsx ,
.pickle ,
.conf ,
